﻿<?xml version="1.0" encoding="utf-8" standalone="yes"?>
<addon id="plugin.video.spotitube" name="Youtube Music" version="2.2.0" provider-name="realvito (inspired by L0RE)|Litti19928">
	<requires>
		<import addon="xbmc.python" version="2.24.0"/>
		<import addon="plugin.video.youtube" version="6.6.0"/>
	</requires>
	<extension point="xbmc.python.pluginsource" library="default.py">
		<provides>video audio</provides>
	</extension>
	<extension point="xbmc.addon.metadata">
		<summary lang="de_DE">Musik über Youtube abspielen</summary>
		<summary lang="en_GB">Play Music via Youtube</summary>
		<description lang="de_DE">Musik aus verschiedenen Quellen z.B. Billboard, iTunes, Spotify etc. auswählen und über Youtube abspielen.[CR][CR]Für mehr Informationen zu allen Neuerungen siehe - CHANGELOG.[CR]     TEST IT AND LIKE IT</description>
		<description lang="en_GB">Choose Music from different sources e.g. Billboard, iTunes, Spotify etc. and play it via Youtube.[CR][CR]For more information about all new features see - CHANGELOG.[CR]     TEST IT AND LIKE IT</description>
		<disclaimer lang="de_DE">Die von diesem Addon dargestellten Inhalte werden von den Erstellern des Addons weder gehostet oder verbreitet, noch stehen die Ersteller in irgendeiner Beziehung zu den Anbietern des Inhalts.</disclaimer>
		<disclaimer lang="en_GB">The author does not host or distribute any of the content displayed by this addon. The author does not have any affiliation with the content providers.</disclaimer>
		<language></language>
		<platform>all</platform>
		<license>GNU GENERAL PUBLIC LICENSE. Version 3, June 2007</license>
		<forum>http://www.kodinerds.net/index.php/Thread/47087-Release-YoutubeMusic-patched/</forum>
		<website></website>
		<email></email>
		<source>https://github.com/kodinerds/repo/tree/master/plugin.video.spotitube</source>
		<assets>
			<icon>icon.png</icon>
			<fanart>fanart.jpg</fanart>
		</assets>
		<news>[B][COLOR orangered]Version 2.1.5  (17.11.2019)[/COLOR][/B] by realvito[CR]
- fixed: Billboard - Hot 100 and Billboard 200 are not opened and error is displayed
- fixed: Itunes-Videos are empty
- removed: Billboard ARCHIVE because the Musiclists don't exists anymore
		</news>
	</extension>
</addon>