<?xml version="1.0" encoding="UTF-8" standalone="yes"?>
<addon id="script.module.Litti"
        name="[COLOR skyblue]MODULE Litti[/COLOR]"
        version="1.0.1"
        provider-name="Litti19928">
  <requires>
      <import addon="xbmc.python" version="2.25.0"/>
  </requires>
  <extension point="xbmc.python.module" library="resources/lib" />
  <extension point="xbmc.addon.metadata">
    <platform>all</platform>
    <minversion></minversion>
    <summary></summary>
    <description></description>
	<license></license>
	<forum></forum>
	<website></website>
	<email></email>
	<source></source>
	<news></news>
	<assets>
		<icon>icon.png</icon>
		<fanart>fanart.jpg</fanart>
		<banner></banner>
		<clearlogo></clearlogo>
		<screenshot></screenshot>
	</assets>
  </extension>
</addon>