<?xml version="1.0" encoding="UTF-8" standalone="yes"?>
<addon id="Warner.Bros.Repository" name="[B][COLOR saddlebrown]Warner Bros [/B][/COLOR][B][COLOR silver]Repo[/B][/COLOR]" version="1.0.2" provider-name="Litti19928">
	<extension point="xbmc.addon.repository" name="Warner Bros Repository">
		<info compressed="false">https://raw.githubusercontent.com/Litti2012/Warner_Bros_repo/master/addons.xml</info>
		<checksum>https://raw.githubusercontent.com/Litti2012/Warner_Bros_repo/master/addons.xml.md5</checksum>
		<datadir zip="true">https://raw.githubusercontent.com/Litti2012/Warner_Bros_repo/master</datadir>
	</extension>
    <extension point="xbmc.addon.metadata">
	<summary></summary>
	<description>[B][COLOR saddlebrown]!Der Ersteller des Repository,ist nicht der Ersteller der Addons und somit nicht Verantwortlich für dessen Inhalt![/B][/COLOR]</description>
	<disclaimer></disclaimer>
	<language></language>
	<platform>all</platform>
	<license></license>
	<forum></forum>
	<website></website>
	<email></email>
	<source></source>
	<news></news>
    <assets>
		<icon>resources/icon.png</icon>
		<fanart>resources/fanart.jpg</fanart>
		<banner></banner>
		<clearlogo></clearlogo>
		<screenshot></screenshot>
	</assets>
	</extension>
</addon>