<?xml version="1.0" encoding="UTF-8" standalone="yes"?>
<addon id="plugin.video.xstream" name="xStream" version="3.5.12~nightly" provider-name="xStream-Team">
 <requires>
   <import addon="xbmc.python" version="2.14.0"/>
   <import addon="script.module.urlresolver"/>
   <import addon="script.module.metahandler" version="3.0.2.1"/>
   <import addon="script.module.inputstreamhelper" version="0.3.3" optional="true"/>
   <import addon="script.module.requests"/>
 </requires>
 <extension point="xbmc.python.pluginsource" library="default.py">
   <provides>video</provides>
 </extension>
 <extension point="xbmc.addon.metadata">
   <summary lang="de">Watch xStream!</summary>
   <description lang="de">Mit diesem Addon kannst du auf alle angebotenen Streams verschiedenster deutschen Quellen zugreifen</description>
   <disclaimer lang="de">Die von diesem Addon dargestellten Inhalte werden von den Erstellern des Addons weder gehostet oder verbreitet, noch stehen die Ersteller in irgendeiner Beziehung zu den Content-Anbietern.</disclaimer>
   <source>https://github.com/streamxstream/plugin.video.xstream</source>
   <license>GNU GPLv3</license>
   <platform>all</platform>
   <news>
xStream 3.5.12~nightly
- [movietown] add site
- [hdfilme]  fix hoster
- [parser] py23 kompatibel
- add requestHandler2 beta for cloudflare
- [moviedream] fix nextpage
- [flimmerstube] fix search
- [filmpalast] fix nextpage
- [flimmerstube] youtube erkennung eingebaut und fix hoster youtube usw
- [kindertube] youtube erkennung eingebaut usw
- [iload] seite offline entfernt
- [freikino] alles offline entfernt
- [hdstreamfilme]  alles offline entfernt
- [s.to] fix filme
- [moviedream] fix genre
- [kkiste.co] fix hoster supervideo
- [movie4k] temporärer fix
- [hdfilme] fix hoster
xStream 3.5.11
  14.10.2019
- Update settings.xml und Language strings
- [filmpalast_to] add vivo support
- [streamking] wieder hinzugefügt
- [cinemaxx.cc] Blazingfast problem entfernt
- [foxx.to] offline
- [movietown.org] cloudflare problem entfernt
- [mykino.to] fast alle links offline
- [streamking.eu] offline
- [KKiste.co] Add supervideo support
- [topstreamfilm] add description and duration usw
- [KKiste.co] Add site
- [MovieStream] fix such filter
- [hdfilme] fix movie hoster and episodes tnx Ahnz
- [Kinoger] add hoster newcloud aka fsst.online
   </news>
   <assets>
     <icon>icon.png</icon>
     <fanart>fanart.jpg</fanart>
     <screenshot>resources/art/screenshot-01.jpg</screenshot>
     <screenshot>resources/art/screenshot-02.jpg</screenshot>
   </assets>
 </extension>
</addon>
