<?xml version="1.0" encoding="UTF-8" standalone="yes"?>
<addon id="repository.Die.Musik.Repo" name="[B][COLOR blue]Die Musik Repo[/B][/COLOR]" version="1.0.2" provider-name="Litti19928">
	<extension point="xbmc.addon.repository" name="Die Musik Repo">
	<dir>
        <info compressed="false">https://raw.githubusercontent.com/Litti2012/Die-Musik-Repo/master/addons.xml</info>
        <checksum>https://raw.githubusercontent.com/Litti2012/Die-Musik-Repo/master/addons.xml.md5</checksum>
        <datadir zip="true">https://raw.githubusercontent.com/Litti2012/Die-Musik-Repo/master</datadir>
	</dir>
    <dir>
        <info compressed="false">https://raw.githubusercontent.com/Litti2012/Die-Musik-Repo/master/addons.xml</info>
        <checksum>https://raw.githubusercontent.com/Litti2012/Die-Musik-Repo/master/addons.xml.md5</checksum>
        <datadir zip="true">https://raw.githubusercontent.com/Litti2012/Die-Musik-Repo/maste</datadir>
    </dir>
	</extension>
    <extension point="xbmc.addon.metadata">
	<summary></summary>
	<description></description>
	<disclaimer></disclaimer>
	<language></language>
	<platform>all</platform>
	<license></license>
	<forum></forum>
	<website></website>
	<email></email>
	<source></source>
	<news></news>
    <assets>
		<icon>resources/icon.png</icon>
		<fanart>resources/fanart.png</fanart>
		<banner></banner>
		<clearlogo></clearlogo>
		<screenshot></screenshot>
	</assets>
	</extension>
</addon>