﻿<?xml version="1.0" encoding="UTF-8"?>
<addon id="plugin.video.xcine.me"
		name="[COLOR gold]X-Cine.me[/COLOR]"
		version="1.2.5"
		provider-name="Loki1979">
	<requires>
        <import addon="xbmc.python" version="2.7.3" />
		<import addon="script.module.hsk.de"/>
		<import addon="script.module.hls.cache"/>
	</requires>
	<extension point="xbmc.python.pluginsource" library="addon.py">
		<provides>video</provides>
	</extension>
	<extension point="xbmc.addon.metadata">
	<summary>310320202015</summary>
	<description>Umsetzung der Website:
https://xcine.me</description>
	<disclaimer></disclaimer>
	<language>de</language>
	<platform>all</platform>
	<license></license>
	<forum></forum>
	<website></website>
	<email></email>
	<source></source>
	<news></news>
	<assets>
		<icon>resources/icon.png</icon>
		<fanart>resources/fanart.jpg</fanart>
		<banner></banner>
		<clearlogo></clearlogo>
		<screenshot></screenshot>
	</assets>
	</extension>
</addon>
