<?xml version="1.0" encoding="UTF-8"?>
<addon id="plugin.video.hdstreamfilme.com"
		name="[COLOR lime]HD-Stream-Filme.com[/COLOR]"
		version="1.0.5"
		provider-name="Loki1979 | HSK-DE">
	<requires>
		<import addon="xbmc.python" version="2.7.13" />
        <!-- choose your resolver -->
		<!-- <import addon="script.module.resolveurl"/> -->
		<import addon="script.module.urlresolver"/>
        <!-- choose your resolver -->
	</requires>
	<extension point="xbmc.python.pluginsource" library="addon.py">
		<provides>video</provides>
	</extension>
	<extension point="xbmc.addon.metadata">
	<summary></summary>
	<description>Website:
https://hdstreamfilme.com/</description>
	<disclaimer></disclaimer>
	<language></language>
	<platform>all</platform>
	<license></license>
	<forum></forum>
	<website></website>
	<email></email>
	<source></source>
	<news></news>
	<assets>
		<icon>resources/icon.png</icon>
		<fanart>resources/fanart.jpg</fanart>
		<banner></banner>
		<clearlogo></clearlogo>
		<screenshot></screenshot>
	</assets>
	</extension>
</addon>