<?xml version="1.0" encoding="UTF-8" standalone="yes"?>
<addon id="repository.skinbase.18" name="[COLOR orange]G[/COLOR]UIDO[COLOR orange]S[/COLOR] [COLOR orange]S[/COLOR]KINBAS[COLOR orange]E[/COLOR] Only Skins for 18" version="1.1.0" provider-name="[COLOR orange]GUIDO[/COLOR] | [COLOR skyblue]Kodiman[/COLOR] | [COLOR orange]HSK-DE[/COLOR]">
	<extension point="xbmc.addon.repository" name="GUIDOS SKINBASE REPO">
	<dir>
		<info compressed="false">https://downloads.guidos-skinbase.de/kodi_18_skins/addons.xml</info>
		<checksum>https://downloads.guidos-skinbase.de/kodi_18_skins/addons.xml.md5</checksum>
		<datadir zip="true">https://downloads.guidos-skinbase.de/kodi_18_skins/</datadir>
	</dir>
	<dir>
		<info compressed="false">https://downloads.guidos-skinbase.de/addons18/addons.xml</info>
		<checksum>https://downloads.guidos-skinbase.de/addons18/addons.xml.md5</checksum>
		<datadir zip="true">https://downloads.guidos-skinbase.de/addons18/</datadir>
	</dir>
	<dir>
		<info compressed="false">https://downloads.guidos-skinbase.de/repos/addons.xml</info>
		<checksum>https://downloads.guidos-skinbase.de/repos/addons.xml.md5</checksum>
		<datadir zip="true">https://downloads.guidos-skinbase.de/repos/</datadir>
	</dir>
	</extension>
	<extension point="xbmc.addon.metadata">
		<summary>[COLOR orange]G[/COLOR]uido[COLOR orange]s[/COLOR] [COLOR orange]S[/COLOR]KINBAS[COLOR orange]E[/COLOR] Repo</summary>
			<description lang="de">
In Guidos SKINBASE "Only for 18" findet ihr Skins für Kodi 18 aus aller Welt. 
Des weiteren findet ihr auch weitere Repos für Skins sowie Bilder Addons für Hintergrundbilder und Addons die für die Skins benötigt werden.
Die SkinBase wird ständig erweitert und verbessert. Hinzugekommen sind Skins mit Topics Loader,welche ROT gekenzeichnet sind , diese ermöglichen mit einem Skin unzählige Themen in einem Skin zu laden. Viel Spass wünschen euch das Team SKINBASE.
        </description>
        <description lang="en">
In Guido's SKINBASE "Only for 18" you will find skins for Kodi 18 from all over the world.
Furthermore you will find more repos for skins as well as pictures of addons for background pictures and addons needed for the skins.
The SkinBase is constantly expanding and improving. Added are skins with Topics Loader, which are marked RED, which allow to load countless topics in one skin with one skin. Have fun with the team SKINBASE.
        </description>
        <platform>all</platform>
		<assets>
			<icon>resources/icon.png</icon>
			<fanart>resources/fanart.jpg</fanart>
			<screenshot>resources/screenshot-01.jpg</screenshot>
			<screenshot>resources/screenshot-02.jpg</screenshot>
			<screenshot>resources/screenshot-03.jpg</screenshot>
			<screenshot>resources/screenshot-04.jpg</screenshot>
			<screenshot>resources/screenshot-05.jpg</screenshot>
			<screenshot>resources/screenshot-06.jpg</screenshot>
		</assets>
	</extension>
</addon>

