<?xml version="1.0" encoding="UTF-8" standalone="yes"?>
<addon id="plugin.video.joyn" name="Joyn" version="2.3.1.9" provider-name="knaerzche">
	<requires>
		<import addon="inputstream.adaptive" version="2.2.21"/>
		<import addon="script.module.inputstreamhelper" version="0.3.5"/>
		<import addon="script.module.pydes" version="2.0.1" optional="true"/>
		<import addon="script.module.simplejson" version="3.3.0" optional="true"/>
		<import addon="script.module.uepg" version="1.0.5" optional="true"/>
		<import addon="xbmc.python" version="2.26.0"/>
	</requires>
	<extension point="xbmc.python.pluginsource" library="default.py">
		<provides>video</provides>
	</extension>
	<extension point="xbmc.service" library="service.py" start="login"/>
	<extension point="xbmc.addon.metadata">
		<reuselanguageinvoker>true</reuselanguageinvoker>
		<summary lang="en_GB">Joyn Video On Demand  and Live TV</summary>
		<summary lang="de_DE">Joyn Video On Demand and Live TV</summary>
		<description lang="en_GB">Watch VOD content und Live TV provided by Joyn</description>
		<description lang="de_DE">Video On Demand und Live TV von Joyn</description>
		<disclaimer lang="en_GB">The use of this addon may violate the terms and conditions of Joyn GmbH - especially, but not exclusively, if it is used outside of Germany.</disclaimer>
		<disclaimer lang="de_DE">Die Nutzung dieses Addon verstösst eventuell gegen die AGB der Joyn GmbH - insbesondere, aber nicht ausschliesslich, wenn es außerhalb von Deutschland verwendet wird</disclaimer>
		<platform>all</platform>
		<license>GPL-2.0-only</license>
		<forum>https://www.kodinerds.net/index.php/Thread/66679-Pre-Release-Joyn-VOD-Live/?postID=537817</forum>
		<website>https://www.joyn.de/</website>
		<email>knaerzche at gmail dot com</email>
		<source>https://github.com/knaerzche/plugin.video.joyn</source>
		<assets>
			<icon>resources/media/icon.png</icon>
			<fanart>resources/media/fanart.jpg</fanart>
			<clearlogo>resources/media/logo.gif</clearlogo>
			<screenshot>resources/media/screenshot01.jpg</screenshot>
			<screenshot>resources/media/screenshot02.jpg</screenshot>
			<screenshot>resources/media/screenshot03.jpg</screenshot>
		</assets>
		<news>
v2.3.1.9
implement 7pass sso login
cosmetics
v2.3.1.8
allow videos to be played without prior api request
matrix property name change inputstreamaddon -> inputstream
v2.3.1.7
fix decoding issue in PY2
v2.3.1.6
add support for another error response format
v2.3.1.5
implement API changes
try to get manifest up to 5 times, if it fails
v2.3.1.4
Revert using api based license filter
check is* stuff just before video starts
minor fixes
v2.3.1.3
fix DST bug
implement xbmc.python 3.0.0 api changes
v2.3.1.2
fix license based display for tvshows, season, epsiodes
add license based display for complation/-items
make installation of script.module.uepg optional / on demand
minor other bugfixes
v2.3.1.1
Hotfix: Website changed again
v2.3.1
improve addon overall addon performance by reusing languageinvoker/splitting into submodules/logging on demand only
create singleton-instances on per addon-handle basis
cache epg/landing-page in libjoyn-instance
fix playback on OSX
create fake-uuid for allwinner android sdk level 24 (importing uuid module crashes kodi)
implement own get_node() and make it more unique (espacially on android)
fix set sort as per settings on matrix
use window.setProperty for asset_id instead of 'hiding' in it imdb-infolabel
make sure only playback for this addon is tracked in service.py
fix relogin issue, when decrypting username/password fails
fix language files
v2.3.0
add api-based resume postions
partly fixed live stream audio sync issue
add save username/password option
add option to show categories in main menu
add ask-for-login dialog on first addon start
show content based on current subscription
add option to hightlight premium content
rework some stuff

		</news>
	</extension>
</addon>
