<?xml version="1.0" encoding="UTF-8" standalone="yes"?>
<addon id="repository.hsk_repo" name="[COLOR blue]HSK-DE Repository[/COLOR]" version="1.0.1" provider-name="Loki1979">
	<extension point="xbmc.addon.repository" name="Test Repository">
		<info compressed="false">https://downloads.guidos-skinbase.de/hsk_repo/addons.xml</info>
		<checksum>https://downloads.guidos-skinbase.de/hsk_repo/addons.xml.md5</checksum>
		<datadir zip="true">https://downloads.guidos-skinbase.de/hsk_repo/</datadir>
	</extension>
    <extension point="xbmc.addon.metadata">
	<summary></summary>
	<description></description>
	<disclaimer></disclaimer>
	<language></language>
	<platform>all</platform>
	<license></license>
	<forum></forum>
	<website></website>
	<email></email>
	<source></source>
	<news></news>
    <assets>
		<icon>resources/icon.png</icon>
		<fanart>resources/fanart.jpg</fanart>
		<banner></banner>
		<clearlogo></clearlogo>
		<screenshot></screenshot>
	</assets>
	</extension>
</addon>