<?xml version="1.0" encoding="UTF-8" standalone="yes"?>
<addon id="plugin.program.littis.wizard" name="[B][COLOR indigo]Littis [/B][/COLOR][B][COLOR skyblue]Wizard[/B][/COLOR]" version="1.1.8" provider-name="Litti19928">
  <requires>
    <import addon="xbmc.python" version="2.7.13"/>
  </requires>
  <extension point="xbmc.python.pluginsource" library="default.py">
        <provides>executable</provides>
  </extension>
  <extension point="xbmc.addon.metadata">
		<summary lang="en">[B][COLOR indigo]Littis [/B][/COLOR][B][COLOR skyblue]Wizard[/COLOR]</summary>
		<description></description>
		<disclaimer lang="en"></disclaimer>
		<platform>all</platform>
		<assets>
            <icon>resources/icon.png</icon>
            <fanart>resources/fanart.jpg</fanart>
		</assets>
	</extension>
</addon>
