﻿<?xml version="1.0" encoding="utf-8" standalone="yes"?>
<addon id="service.L0RE.cron" name="Crontab für andere Addons" version="1.0.1" provider-name="L0RE">
	<requires>
		<import addon="xbmc.python" version="2.24.0"/>
	</requires>
	<extension point="xbmc.service" library="service.py" start="login"/>
	<extension point="xbmc.python.pluginsource" library="addon.py">
		<provides>executable</provides>
	</extension>
	<extension point="xbmc.addon.metadata">
		<summary lang="en">Crontab - Action control</summary>
		<summary lang="de">Crontab - Aktionssteuerung</summary>
		<description lang="en">A service to call regular (hours/days) stored actions (e.g. update the addon media library) in other plugins.</description>
		<description lang="de">Ein Service um regelmäßig (Stunden/Tage) gespeicherte Aktionen (z.B. Aktualisierung der Addon-Medienbibliothek) in anderen Plugins aufzurufen.</description>
		<disclaimer lang="en">The author does not host or distribute any of the content displayed by this addon. The author does not have any affiliation with the content providers.</disclaimer>
		<disclaimer lang="de">Die von diesem Addon dargestellten Inhalte werden von den Erstellern des Addons weder gehostet oder verbreitet, noch stehen die Ersteller in irgendeiner Beziehung zu den Anbietern des Inhalts.</disclaimer>
		<language></language>
		<platform>all</platform>
		<license>GNU GENERAL PUBLIC LICENSE. Version 2, June 1991</license>
		<forum>https://www.kodinerds.net/index.php/Thread/55451-L0REs-Blog/</forum>
		<website></website>
		<email></email>
		<source>https://github.com/kodinerds/repo/tree/master/service.L0RE.cron</source>
		<assets>
			<icon>icon.png</icon>
			<fanart>fanart.jpg</fanart>
		</assets>
		<news>[B][COLOR orangered]Version 1.0.1  (07.10.2018)[/COLOR][/B] by realvito[CR]
- fixed: Bei jedem autom. Update der vom User gemachten Einträge wird nicht die aktuelle Uhrzeit übergeben
- fixed: Ausführung/Update der vom User gemachten Einträge findet unabhängig des übergebenen Stunden-Intervalls - immer stündlich statt
- optimized: Man kann jetzt sowohl den Eintrag in "Crontab" als auch den erstellten Ordner der Serie in der KODI-Medienbibliothek löschen (settings)
- optimized: Script komplett überarbeitet
- added: Direkte LOG-Meldungen sowohl bei normaler Ausführung als auch bei Fehlern (nicht Debugmodus)
		</news>
	</extension>
</addon>