<?xml version="1.0" encoding="UTF-8" standalone="yes"?>
<addon id="repository.pati" name="Patis Add-ons" version="1.0.0" provider-name="Pati">
	<extension point="xbmc.addon.repository" name="Pati">
		<info compressed="true">https://raw.githubusercontent.com/Pati/repo/master/addons.xml</info>
		<checksum>https://raw.githubusercontent.com/Pati/repo/master/addons.xml.md5</checksum>
		<datadir zip="true">https://raw.githubusercontent.com/Pati/repo/master/</datadir>
	</extension>
	<extension point="xbmc.addon.metadata">
		<summary lang="en">Pati's Repository</summary>
		<summary lang="de">Repository von Pati</summary>
		<description></description>
		<disclaimer></disclaimer>
		<platform>all</platform>
	</extension>
</addon>
