<?xml version="1.0" encoding="UTF-8" standalone="yes"?>
<addon id="plugin.video.yt_Youtubekids" name="[B][COLOR red]Youtube Kids[/B][/COLOR]" version="1.0.1" provider-name="Litti19928">
  <requires>
    <import addon="xbmc.python" version="2.25.0"/>
	<import addon="plugin.video.youtube" version="6.4.1"/>
  </requires>
  <extension point="xbmc.python.pluginsource" library="addon.py">
    <provides>video</provides>
  </extension>
  <extension point="xbmc.addon.metadata">
    <summary></summary>
    <description></description>
    <disclaimer></disclaimer>
    <language>de</language> 
    <platform></platform>
    <license></license>
    <forum></forum> 
    <website></website> 
    <email></email>
    <source></source>
    <news>
    </news>
    <assets>
        <icon>resources/icon.png</icon>
        <fanart>resources/fanart.jpg</fanart>
        <screenshot></screenshot>
    </assets>
  </extension>
</addon>