<?xml version="1.0" encoding="UTF-8" standalone="yes"?>
<addon id="plugin.video.FilmTrailer" name="[B][COLOR bisque]Film Trailer[/B][/COLOR]" version="1.0.4" provider-name="Litti19928">
  <requires>
    <import addon="xbmc.python" version="2.20.0"/>
    <import addon="plugin.video.youtube" version="6.5.2"/>
  </requires>
  <extension point="xbmc.python.pluginsource" library="addon.py">
    <provides>video</provides>
  </extension>
  <extension point="xbmc.addon.metadata">
    <summary lang="de_DE"></summary>
    <description>Webseite:
https://www.facebook.com/groups/hskde/?ref=bookmarks
https://forum.kodiman.company</description>
    <disclaimer lang="de_DE"></disclaimer>
    <language>de</language>
    <platform>all</platform>
    <license></license>
    <forum></forum>
    <website></website>
    <email></email>
    <source></source>
    <news></news>
    <assets>
        <icon>resources/icon.png</icon>
        <fanart>resources/fanart.png</fanart>
        <banner></banner>
        <clearlogo></clearlogo>
        <screenshot></screenshot>
    </assets>
  </extension>
</addon>
