<?xml version="1.0" encoding="UTF-8" standalone="yes"?>
<addon id="plugin.video.Hardstyle" name="[COLOR lime][/COLOR][B][COLOR darkred]HARDSTYLE[/B][/COLOR]" version="1.0.1" provider-name="Litti19928">
	<requires>
		<import addon="xbmc.python" version="2.19.0" />
        <import addon="script.module.python.koding.aio" version="0.0.1"/>
		<import addon="plugin.video.youtube" version="5.0.0" />
	</requires>
	<extension point="xbmc.python.pluginsource" library="default.py">
		<provides>video</provides>
	</extension>
	<extension point="xbmc.addon.metadata">
		<summary lang="en"></summary>
		<description lang="en"></description>
		<platform>all</platform>
		<forum></forum>
		<website></website>
		<news></news>
		<genre>music</genre>
		<video_guide></video_guide>
		<video_preview></video_preview>
		<assets>
            <icon>icon.png</icon>
            <fanart>fanart.png</fanart>
        </assets>
	</extension>
</addon>
