﻿<?xml version="1.0" encoding="UTF-8" standalone="yes"?>
<addon id="plugin.video.rockamring" name="Rock am Ring" version="1.1.5" provider-name="Publish3r">
  <requires>
    <import addon="xbmc.python" version="2.25.0"/>
    <import addon="script.module.requests" version="2.12.4" />
  </requires>
  <extension point="xbmc.python.pluginsource" library="default.py">
    <provides>video</provides>
  </extension>
  <extension point="xbmc.addon.metadata">
    <summary lang="de">Rock am Ring</summary>
    <description lang="de">Rock am Ring:[CR]Musikfestival auf dem Nürburgring in der Nähe der Stadt Adenau in der Eifel.[CR][CR]www.rock-am-ring.com</description>
    <disclaimer lang="de"></disclaimer>
    <language>de</language>
    <platform>all</platform>
    <assets>
        <icon>icon.jpg</icon>
        <fanart>fanart.jpg</fanart>
    </assets>
  </extension>
</addon>
