<?xml version="1.0" encoding="UTF-8" standalone="yes"?>
<addon id="plugin.video.Hardcore" name="[B][COLOR red]Hardcore[/B][/COLOR]" version="1.0.1" provider-name="Litti19928">
  <requires>
    <import addon="xbmc.python" version="2.25.0"/>
	<import addon="plugin.video.youtube" version="6.0.0"/>
	<import addon="script.module.Litti"/>
  </requires>
  <extension point="xbmc.python.pluginsource" library="Hardcore.py">
    <provides>video</provides>
  </extension>
  <extension point="xbmc.addon.metadata">
    <summary></summary>
    <description></description>
    <disclaimer></disclaimer>
    <language></language>
    <platform></platform>
    <license></license>
    <forum></forum> 
    <website></website>
    <source></source>
    <news>
    </news>
    <assets>
        <icon>resources/icon.gif</icon>
        <fanart>resources/fanart.png</fanart>
        <clearlogo></clearlogo>
        <screenshot></screenshot>
    </assets>
  </extension>
</addon>