<?xml version="1.0" encoding="UTF-8" standalone="yes"?>
<addon id="plugin.video.FilmTrailer" name="[B][COLOR bisque]Film Trailer[/B][/COLOR]" version="1.0.2" provider-name="Loki1979|Litti19928">
  <requires>
    <import addon="xbmc.python" version="2.20.0"/>
    <import addon="plugin.video.youtube" version="6.4.1"/>
  </requires>
  <extension point="xbmc.python.pluginsource" library="addon.py">
    <provides>video</provides>
  </extension>
  <extension point="xbmc.addon.metadata">
    <summary lang="de_DE"></summary>
    <description lang="de_DE"></description>
    <disclaimer lang="de_DE"></disclaimer>
    <language>de</language>
    <platform>all</platform>
    <license></license>
    <forum>https://www.facebook.com/groups/hskde/?ref=bookmarks</forum>
    <website></website>
    <email></email>
    <source></source>
    <news>[B][COLOR lime]Hier sind aktuelle Film Trailer immer auf dem neuesten Stand[/B][/COLOR]</news>
    <assets>
        <icon>resources/icon.png</icon>
        <fanart>resources/fanart.png</fanart>
        <banner></banner>
        <clearlogo></clearlogo>
        <screenshot></screenshot>
    </assets>
  </extension>
</addon>
