﻿<?xml version="1.0" encoding="UTF-8" standalone="yes"?>
<addon id="plugin.program.loki_cleaner"
    name="Loki Cleaner"
	version="1.0.4" 
    provider-name="Loki1979">
    <requires>
		<import addon="xbmc.python" version="2.1.0"/>
	</requires>
	<extension point="xbmc.python.pluginsource" library="addon.py">
		<provides>executable</provides>
	</extension>
	<extension point="xbmc.addon.metadata">
		<platform>all</platform>
		<summary>Loki Cleaner</summary>
		<description>Created by Loki1979 - 17.12.2016 - 12:21</description>
		<license></license>
		<language></language>	
		<source></source>
		<email></email>
	</extension>
</addon>
