<?xml version="1.0" encoding="UTF-8" standalone="yes"?>
<addon id="plugin.video.volldampf"
	name="VollDampf"
	version="1.0.7"
	provider-name="KODIMAN">
  <requires>
    <import addon="xbmc.python" version="2.1.0"/>
    <import addon="script.module.addon.common" version="2.0.0"/>
    <import addon="plugin.video.youtube" version="5.0.0"/>
  </requires>
  <extension point="xbmc.python.pluginsource" library="default.py">
    <provides>video</provides>
  </extension>
  <extension point="xbmc.addon.metadata">
    <summary lang="en">Dampfer - Video - Channels</summary>
    <description lang="en">Besucht uns im Forum: https://www.kodiman.company/
	PayPal Spenden an: ungatonga@kodiman.eu</description>
    <platform>all</platform>
  </extension>
</addon>
